,Dimensionality reduction,Spatial embedding,Clustering
CellCharter (CPU),488.48863649368286,10.228361368179321,110.08948588371277
STAGATE (CPU),488.48863649368286,40457.35754776,949.8388729096