,Dimensionality reduction,Spatial embedding,Clustering
CellCharter (GPU),455.68248224258423,18.626280307769775,13.73980712890625
STAGATE (GPU),455.68248224258423,500.2600939274,887.1658196449

