,Dimensionality reduction,Spatial embedding,Clustering
0,806.9210820198059,156.51512598991394,6163.875335216522
