,Dimensionality reduction,Spatial embedding,Clustering
0,559.7074964046478,155.91763758659363,82.7149715423584
