,Spatial embedding,Clustering
0,30.861178636550903,4597.993243932724
