,Spatial embedding,Clustering
0,30.421804189682007,83.28041005134583
